
------------------------------UC 6 - RETRIEVE CONTACT USING CITY/STATE ------------------------

mysql> select * from AddressBook;
+----+-----------+----------+------------+--------+-------------+--------+--------------+----------------+
| id | firstname | lastname | address    | city   | state       | zip    | phone_number | email          |
+----+-----------+----------+------------+--------+-------------+--------+--------------+----------------+
|  1 | Yadn      | Gadhave  | Khadakpada | Mumbai | Maharashtra | 411209 | 9005576655   | yadn@gmail.com |
|  3 | Rina      | Patel    | G.P.Nivas  | Thane  | Maharashtra | 421609 | 7589654790   | Rina@gmail.com |
+----+-----------+----------+------------+--------+-------------+--------+--------------+----------------+
2 rows in set (0.02 sec)

mysql> select * from addressbook where city='Thane';
+----+-----------+----------+-----------+-------+-------------+--------+--------------+----------------+
| id | firstname | lastname | address   | city  | state       | zip    | phone_number | email          |
+----+-----------+----------+-----------+-------+-------------+--------+--------------+----------------+
|  3 | Rina      | Patel    | G.P.Nivas | Thane | Maharashtra | 421609 | 7589654790   | Rina@gmail.com |
+----+-----------+----------+-----------+-------+-------------+--------+--------------+----------------+
1 row in set (0.00 sec)

mysql> select * from addressbook where state='Maharashtra';
+----+-----------+----------+------------+--------+-------------+--------+--------------+----------------+
| id | firstname | lastname | address    | city   | state       | zip    | phone_number | email          |
+----+-----------+----------+------------+--------+-------------+--------+--------------+----------------+
|  1 | Yadn      | Gadhave  | Khadakpada | Mumbai | Maharashtra | 411209 | 9005576655   | yadn@gmail.com |
|  3 | Rina      | Patel    | G.P.Nivas  | Thane  | Maharashtra | 421609 | 7589654790   | Rina@gmail.com |
+----+-----------+----------+------------+--------+-------------+--------+--------------+----------------+
2 rows in set (0.00 sec)